{"acc":0.8850798839573791,"loss":0.13658031440613272,"_timestamp":1.7559140881665318e+09,"_step":7,"_wandb":{"runtime":0},"_runtime":0}