{"_step":7,"acc":0.8651114167907434,"_wandb":{"runtime":0},"_runtime":0,"loss":0.10571116618743691,"_timestamp":1.7559140430554252e+09}